--Ich füge einige Daten ein
--just adding some Data

ALTER TABLE employee AUTO_INCREMENT=10000;--I want this increment to beginn at 10000
INSERT INTO employee (firstname, surname, street, houseNumber, postCode, city, salary)
VALUES 
  ('Jens', 'Meier', 'Brausestr.', '44C', '42657', 'Solingen', 3500),
  ('Nina', 'Mueller', 'Sternstr.', '10', '50667', 'Koeln', 1800),
  ('Alfred', 'Schmidt', 'Priolweg', '124', '42103', 'Wuppertal', 2700),
  ('Heinz', 'Fischer', 'Steinstr.', '4', '42104', 'Wuppertal', 1300);
  
  
  INSERT INTO customer (firstname, surname, email)
  VALUES
    ('Nicole', 'Wagner', 'nwagner@provider.com'),
    ('Max', 'Bauer', 'max@bauer.de'),
    ('Renate', 'Schneider', 'rs@webpost.de'),
    ('Melanie', 'Weber', 'melanie@weber.com'),
    ('klaus', 'Windt', 'klaus@mymail.de');
    

  INSERT INTO camera
  VALUES
    ('SF03522156134', 'Canon', 'EOS 5D Mark III',  22.3, 'ISO 102400', 65),
    ('TU04332722131', 'Canon', 'EOS 70D',  20.2, 'ISO 25600', 19),
    ('VX08332322120', 'Canon', 'EOS 70D',  20.2, 'ISO 25600', 19),
    ('14528135913FG', 'Nikon', 'D810',  36, 'ISO 51600', 51),
    ('16529175211CB', 'Nikon', 'D7100',  24.1, 'ISO 25600', 19);
    
    
  INSERT INTO orders (employeeID, CustomerID, designation, oderDate, totalprice)
  VALUES
    (10000, 1, 'Bewerbungsfotos', '2020-03-24', 100),
    (10001, 2, 'Katalogfotos', '2020-04-06', 1200),
    (10002, 3, 'Porträtfotos', '2020-04-10', 300),
    (10003, 4, 'Porträtfotos', '2020-04-11', 300),
    (10003, 2, 'Profilbild', '2020-04-16', 20.5),
    (10004, 5, 'Veranstaltungsfotos', "2020-04-16", 500);
     
     
  INSERT INTO photo (orderID, cameraID, photoname, megapixel, lightSensitivity, lensSpeed, ShutterSpeed)
  VALUES
    ( 1, 'SF03522156134', 'IMG_2033.JPG', 2.8, '1/80', 400, 1),
    ( 2, 'TU04332722131', 'IMG_1010.JPG', 1.8, '1/300', 200, 2),
    ( 3, 'VX08332322120', 'IMG_2041.JPG', 1.8, '1/100', 600, 1),
    ( 4, '14528135913FG', 'DSC_4060.JPG', 10, '1/60', 600, 5),
    ( 5, '16529175211CB', 'DSC_3088.JPG', 10, '1/80', 800, 4),
    ( 6, 'SF03522156134', 'DSC_4090.JPG', 10, '1/60', 600, 5),
    ( 2, 'TU04332722131', 'DSC_3091.JPG', 2.8, '1/100', 200, 4),
    ( 3, 'VX08332322120', 'DSC_4092.JPG', 2.8, '1/100', 100, 5),
    ( 4, '14528135913FG', 'DSC_4040.JPG', 10, '1/60', 1200, 4),
    ( 2, '16529175211CB', 'DSC_4051.JPG', 3, '1/60', 100, 4),
    ( 2, 'SF03522156134', 'DSC_4059.JPG', 4, '1/60', 200, 4),
    ( 5, 'TU04332722131', 'DSC_4060.JPG', 5, '1/80', 500, 3),
    ( 5, 'VX08332322120', 'IMG_1010.JPG', 3, '1/90', 1000, 3),
    ( 2, '14528135913FG', 'IMG_1011.JPG', 11, '1/50', 1200, 3),
    ( 3, '16529175211CB', 'IMG_2042.JPG', 9, '1/60', 1600, 1),
    ( 4, 'SF03522156134', 'IMG_1012.JPG', 3, '1/100', 200, 2);
    
    
    
    
    
    
    
    
    
